game_id,season,date,round,round_index,home_team,away_team,home_score,away_score,is_overtime,is_shootout,home_elo_before,away_elo_before,expected_home_win,actual_home_score,elo_delta_home,home_elo_after,away_elo_after
1,2025-26,2025-09-09 15:30:00+00:00,GW 1,1,HPK,TPS,2.0,3.0,False,True,1500.0,1500.0,0.5,0.25,-5.0,1495.0,1505.0
2,2025-26,2025-09-09 15:30:00+00:00,GW 1,1,Jukurit,HIFK,3.0,5.0,False,False,1500.0,1500.0,0.5,0.0,-10.986,1489.01,1510.99
3,2025-26,2025-09-09 15:30:00+00:00,GW 1,1,KooKoo,Ässät,1.0,5.0,False,False,1500.0,1500.0,0.5,0.0,-16.094,1483.91,1516.09
4,2025-26,2025-09-09 15:30:00+00:00,GW 1,1,Kärpät,Sport,0.0,3.0,False,False,1500.0,1500.0,0.5,0.0,-13.863,1486.14,1513.86
6,2025-26,2025-09-09 15:30:00+00:00,GW 1,1,Pelicans,K-Espoo,1.0,0.0,False,False,1500.0,1500.0,0.5,1.0,10.0,1510.0,1490.0
8,2025-26,2025-09-09 15:30:00+00:00,GW 1,1,SaiPa,KalPa,3.0,4.0,False,False,1500.0,1500.0,0.5,0.0,-10.0,1490.0,1510.0
5,2025-26,2025-09-10 15:30:00+00:00,GW 1,1,Lukko,Tappara,1.0,4.0,False,False,1500.0,1500.0,0.5,0.0,-13.863,1486.14,1513.86
7,2025-26,2025-09-10 15:30:00+00:00,GW 1,1,JYP,Ilves,4.0,3.0,False,False,1500.0,1500.0,0.5,1.0,10.0,1510.0,1490.0
10,2025-26,2025-09-12 15:30:00+00:00,GW 1,1,Kärpät,Ilves,6.0,2.0,False,False,1486.14,1490.0,0.4944,1.0,16.245,1502.38,1473.76
11,2025-26,2025-09-12 15:30:00+00:00,GW 1,1,SaiPa,KooKoo,2.0,4.0,False,False,1490.0,1483.91,0.5088,0.0,-11.148,1478.85,1495.05
12,2025-26,2025-09-12 15:30:00+00:00,GW 1,1,Sport,TPS,2.0,3.0,False,False,1513.86,1505.0,0.5128,0.0,-10.255,1503.61,1515.26
13,2025-26,2025-09-12 15:30:00+00:00,GW 1,1,Ässät,HPK,4.0,1.0,False,False,1516.09,1495.0,0.5303,1.0,12.899,1528.99,1482.1
9,2025-26,2025-09-12 15:30:00+00:00,GW 1,1,JYP,Jukurit,6.0,2.0,False,False,1510.0,1489.01,0.5302,1.0,14.981,1524.98,1474.03
14,2025-26,2025-09-12 16:30:00+00:00,GW 1,1,HIFK,K-Espoo,2.0,4.0,False,False,1510.99,1490.0,0.5302,0.0,-11.539,1499.45,1501.54
15,2025-26,2025-09-13 14:00:00+00:00,GW 1,1,HPK,Sport,4.0,1.0,False,False,1482.1,1503.61,0.4691,1.0,14.577,1496.68,1489.03
16,2025-26,2025-09-13 14:00:00+00:00,GW 1,1,K-Espoo,Ässät,2.0,1.0,False,False,1501.54,1528.99,0.4606,1.0,10.789,1512.33,1518.2
17,2025-26,2025-09-13 14:00:00+00:00,GW 1,1,KalPa,Tappara,3.0,5.0,False,False,1510.0,1513.86,0.4944,0.0,-10.845,1499.16,1524.71
18,2025-26,2025-09-13 14:00:00+00:00,GW 1,1,KooKoo,SaiPa,4.0,6.0,False,False,1495.05,1478.85,0.5233,0.0,-11.414,1483.64,1490.27
19,2025-26,2025-09-13 14:00:00+00:00,GW 1,1,Pelicans,HIFK,5.0,2.0,False,False,1510.0,1499.45,0.5152,1.0,13.378,1523.38,1486.07
20,2025-26,2025-09-13 14:00:00+00:00,GW 1,1,TPS,Lukko,3.0,0.0,False,False,1515.26,1486.14,0.5418,1.0,12.538,1527.79,1473.6
63,2025-26,2025-09-16 15:30:00+00:00,GW 2,2,KalPa,K-Espoo,4.0,2.0,False,False,1499.16,1512.33,0.4811,1.0,11.335,1510.49,1500.99
21,2025-26,2025-09-17 15:30:00+00:00,GW 2,2,HIFK,Lukko,1.0,5.0,False,False,1486.07,1473.6,0.5179,0.0,-16.578,1469.49,1490.18
22,2025-26,2025-09-17 15:30:00+00:00,GW 2,2,Jukurit,Ilves,3.0,2.0,False,False,1474.03,1473.76,0.5004,1.0,9.992,1484.03,1463.76
23,2025-26,2025-09-17 15:30:00+00:00,GW 2,2,SaiPa,Tappara,2.0,3.0,False,False,1490.27,1524.71,0.4506,0.0,-9.012,1481.25,1533.72
24,2025-26,2025-09-17 15:30:00+00:00,GW 2,2,Sport,Kärpät,1.0,2.0,False,False,1489.03,1502.38,0.4808,0.0,-9.616,1479.41,1512.0
25,2025-26,2025-09-17 15:30:00+00:00,GW 2,2,TPS,Pelicans,3.0,1.0,False,False,1527.79,1523.38,0.5064,1.0,10.825,1538.62,1512.55
26,2025-26,2025-09-19 15:30:00+00:00,GW 2,2,K-Espoo,JYP,7.0,3.0,False,False,1500.99,1524.98,0.4655,1.0,17.018,1518.01,1507.96
27,2025-26,2025-09-19 15:30:00+00:00,GW 2,2,KooKoo,Sport,2.0,6.0,False,False,1483.64,1479.41,0.5061,0.0,-16.259,1467.38,1495.67
28,2025-26,2025-09-19 15:30:00+00:00,GW 2,2,Lukko,HPK,6.0,0.0,False,False,1490.18,1496.68,0.4906,1.0,19.765,1509.94,1476.91
29,2025-26,2025-09-19 15:30:00+00:00,GW 2,2,Pelicans,Ilves,2.0,3.0,False,False,1512.55,1463.76,0.5698,0.0,-11.395,1501.16,1475.16
30,2025-26,2025-09-19 16:30:00+00:00,GW 2,2,Tappara,KalPa,8.0,1.0,False,False,1533.72,1510.49,0.5334,1.0,19.203,1552.92,1491.29
31,2025-26,2025-09-20 13:00:00+00:00,GW 2,2,HPK,K-Espoo,3.0,2.0,False,False,1476.91,1518.01,0.4411,1.0,11.177,1488.09,1506.83
32,2025-26,2025-09-20 14:00:00+00:00,GW 2,2,HIFK,SaiPa,1.0,4.0,False,False,1469.49,1481.25,0.4831,0.0,-13.323,1456.17,1494.58
33,2025-26,2025-09-20 14:00:00+00:00,GW 2,2,Ilves,Lukko,6.0,3.0,False,False,1475.16,1509.94,0.4501,1.0,15.009,1490.17,1494.93
34,2025-26,2025-09-20 14:00:00+00:00,GW 2,2,Jukurit,KooKoo,0.0,4.0,False,False,1484.03,1467.38,0.5239,0.0,-16.738,1467.29,1484.12
35,2025-26,2025-09-20 14:00:00+00:00,GW 2,2,JYP,Pelicans,5.0,1.0,False,False,1507.96,1501.16,0.5098,1.0,15.731,1523.69,1485.43
36,2025-26,2025-09-20 14:00:00+00:00,GW 2,2,TPS,KalPa,0.0,3.0,False,False,1538.62,1491.29,0.5677,0.0,-15.408,1523.21,1506.69
37,2025-26,2025-09-20 14:00:00+00:00,GW 2,2,Ässät,Kärpät,5.0,2.0,False,False,1518.2,1512.0,0.5089,1.0,13.577,1531.78,1498.42
38,2025-26,2025-09-23 15:30:00+00:00,GW 3,3,Sport,Jukurit,1.0,4.0,False,False,1495.67,1467.29,0.5408,0.0,-14.802,1480.87,1482.09
39,2025-26,2025-09-23 15:30:00+00:00,GW 3,3,Tappara,TPS,1.0,2.0,False,False,1552.92,1523.21,0.5427,0.0,-10.853,1542.07,1534.06
40,2025-26,2025-09-24 15:30:00+00:00,GW 3,3,HIFK,Pelicans,3.0,2.0,False,False,1456.17,1485.43,0.458,1.0,10.84,1467.01,1474.59
41,2025-26,2025-09-24 15:30:00+00:00,GW 3,3,Ilves,JYP,1.0,5.0,False,False,1490.17,1523.69,0.4519,0.0,-14.328,1475.84,1538.02
42,2025-26,2025-09-24 15:30:00+00:00,GW 3,3,K-Espoo,SaiPa,4.0,2.0,False,False,1506.83,1494.58,0.5176,1.0,10.54,1517.37,1484.04
43,2025-26,2025-09-24 15:30:00+00:00,GW 3,3,KalPa,Ässät,4.0,7.0,False,False,1506.69,1531.78,0.464,0.0,-12.719,1493.98,1544.5
44,2025-26,2025-09-24 15:30:00+00:00,GW 3,3,KooKoo,TPS,4.0,3.0,False,True,1484.12,1534.06,0.4286,0.75,6.428,1490.55,1527.63
45,2025-26,2025-09-24 15:30:00+00:00,GW 3,3,Kärpät,Lukko,5.0,7.0,False,False,1498.42,1494.93,0.505,0.0,-11.079,1487.34,1506.01
46,2025-26,2025-09-26 15:30:00+00:00,GW 3,3,HPK,Pelicans,5.0,2.0,False,False,1488.09,1474.59,0.5194,1.0,13.243,1501.33,1461.34
47,2025-26,2025-09-26 15:30:00+00:00,GW 3,3,Ilves,Ässät,2.0,3.0,False,False,1475.84,1544.5,0.4025,0.0,-8.049,1467.79,1552.55
48,2025-26,2025-09-26 15:30:00+00:00,GW 3,3,JYP,Tappara,4.0,3.0,False,False,1538.02,1542.07,0.4942,1.0,10.117,1548.14,1531.95
49,2025-26,2025-09-26 15:30:00+00:00,GW 3,3,K-Espoo,Lukko,4.0,2.0,False,False,1517.37,1506.01,0.5163,1.0,10.572,1527.95,1495.44
50,2025-26,2025-09-26 15:30:00+00:00,GW 3,3,SaiPa,Jukurit,1.0,2.0,False,False,1484.04,1482.09,0.5028,0.0,-10.056,1473.98,1492.15
51,2025-26,2025-09-26 16:30:00+00:00,GW 3,3,Kärpät,KooKoo,3.0,6.0,False,False,1487.34,1490.55,0.4954,0.0,-13.715,1473.63,1504.26
53,2025-26,2025-09-27 14:00:00+00:00,GW 3,3,Jukurit,HPK,1.0,3.0,False,False,1492.15,1501.33,0.4868,0.0,-10.651,1481.49,1511.99
54,2025-26,2025-09-27 14:00:00+00:00,GW 3,3,KalPa,Ilves,5.0,4.0,False,False,1493.98,1467.79,0.5376,1.0,9.248,1503.22,1458.54
55,2025-26,2025-09-27 14:00:00+00:00,GW 3,3,Lukko,K-Espoo,3.0,2.0,False,True,1495.44,1527.95,0.4534,0.75,5.933,1501.37,1522.01
56,2025-26,2025-09-27 14:00:00+00:00,GW 3,3,Tappara,Kärpät,3.0,2.0,False,False,1531.95,1473.63,0.5832,1.0,8.337,1540.29,1465.29
58,2025-26,2025-09-27 14:00:00+00:00,GW 3,3,Ässät,JYP,2.0,3.0,False,False,1552.55,1548.14,0.5063,0.0,-10.127,1542.42,1558.26
52,2025-26,2025-09-27 15:30:00+00:00,GW 3,3,Pelicans,SaiPa,2.0,5.0,False,False,1461.34,1473.98,0.4818,0.0,-13.283,1448.06,1487.26
57,2025-26,2025-09-27 15:30:00+00:00,GW 3,3,TPS,HIFK,1.0,2.0,False,False,1527.63,1467.01,0.5864,0.0,-11.727,1515.91,1478.74
59,2025-26,2025-09-27 15:30:00+00:00,GW 3,3,Sport,KooKoo,5.0,1.0,False,False,1480.87,1504.26,0.4664,1.0,16.996,1497.87,1487.27
60,2025-26,2025-09-30 15:30:00+00:00,GW 4,4,Jukurit,JYP,4.0,2.0,False,False,1481.49,1558.26,0.3913,1.0,12.924,1494.42,1545.34
61,2025-26,2025-09-30 15:30:00+00:00,GW 4,4,Tappara,Lukko,4.0,0.0,False,False,1540.29,1501.37,0.5558,1.0,14.051,1554.34,1487.32
62,2025-26,2025-10-01 15:30:00+00:00,GW 4,4,HIFK,KooKoo,3.0,4.0,False,True,1478.74,1487.27,0.4877,0.25,-4.755,1473.98,1492.02
64,2025-26,2025-10-01 15:30:00+00:00,GW 4,4,Kärpät,Pelicans,2.0,3.0,False,False,1465.29,1448.06,0.5248,0.0,-10.495,1454.79,1458.56
65,2025-26,2025-10-01 15:30:00+00:00,GW 4,4,SaiPa,HPK,3.0,2.0,False,False,1487.26,1511.99,0.4645,1.0,10.71,1497.97,1501.28
66,2025-26,2025-10-01 15:30:00+00:00,GW 4,4,Sport,Ilves,0.0,2.0,False,False,1497.87,1458.54,0.5564,0.0,-12.01,1485.86,1470.55
67,2025-26,2025-10-02 15:30:00+00:00,GW 4,4,Lukko,KooKoo,3.0,1.0,False,False,1487.32,1492.02,0.4932,1.0,11.111,1498.43,1480.91
68,2025-26,2025-10-03 15:30:00+00:00,GW 4,4,HPK,Ässät,2.0,4.0,False,False,1501.28,1542.42,0.4411,0.0,-9.513,1491.76,1551.94
69,2025-26,2025-10-03 15:30:00+00:00,GW 4,4,Jukurit,TPS,2.0,1.0,False,True,1494.42,1515.91,0.4691,0.75,5.618,1500.04,1510.29
70,2025-26,2025-10-03 15:30:00+00:00,GW 4,4,JYP,HIFK,6.0,0.0,False,False,1545.34,1473.98,0.6013,1.0,15.03,1560.37,1458.95
71,2025-26,2025-10-03 15:30:00+00:00,GW 4,4,Pelicans,KalPa,0.0,1.0,False,True,1458.56,1503.22,0.4361,0.25,-3.721,1454.84,1506.95
72,2025-26,2025-10-03 15:30:00+00:00,GW 4,4,SaiPa,Sport,5.0,4.0,False,False,1497.97,1485.86,0.5174,1.0,9.651,1507.63,1476.21
73,2025-26,2025-10-03 16:30:00+00:00,GW 4,4,Ilves,Kärpät,2.0,7.0,False,False,1470.55,1454.79,0.5227,0.0,-18.596,1451.96,1473.39
78,2025-26,2025-10-04 13:00:00+00:00,GW 4,4,SaiPa,Sport,5.0,1.0,False,False,1507.63,1476.21,0.5451,1.0,14.437,1522.06,1461.77
74,2025-26,2025-10-04 14:00:00+00:00,GW 4,4,K-Espoo,Kärpät,1.0,5.0,False,False,1522.01,1473.39,0.5695,0.0,-17.936,1504.08,1491.33
75,2025-26,2025-10-04 14:00:00+00:00,GW 4,4,KalPa,HIFK,3.0,0.0,False,False,1506.95,1458.95,0.5686,1.0,11.705,1518.65,1447.25
76,2025-26,2025-10-04 14:00:00+00:00,GW 4,4,KooKoo,Pelicans,5.0,2.0,False,False,1480.91,1454.84,0.5375,1.0,12.674,1493.58,1442.16
77,2025-26,2025-10-04 14:00:00+00:00,GW 4,4,Lukko,Ilves,1.0,0.0,False,False,1498.43,1451.96,0.5665,1.0,8.67,1507.1,1443.29
79,2025-26,2025-10-04 14:00:00+00:00,GW 4,4,Tappara,HPK,2.0,4.0,False,False,1554.34,1491.76,0.5891,0.0,-12.586,1541.76,1504.35
80,2025-26,2025-10-04 14:00:00+00:00,GW 4,4,TPS,Jukurit,2.0,3.0,False,False,1510.29,1500.04,0.5148,0.0,-10.295,1499.99,1510.33
81,2025-26,2025-10-08 15:30:00+00:00,GW 5,5,Jukurit,K-Espoo,3.0,4.0,False,False,1510.33,1504.08,0.509,0.0,-10.18,1500.15,1514.26
82,2025-26,2025-10-08 15:30:00+00:00,GW 5,5,Kärpät,JYP,5.0,2.0,False,False,1491.33,1560.37,0.4019,1.0,16.078,1507.4,1544.29
83,2025-26,2025-10-08 15:30:00+00:00,GW 5,5,Tappara,KooKoo,2.0,5.0,False,False,1541.76,1493.58,0.5689,0.0,-15.435,1526.32,1509.02
84,2025-26,2025-10-08 15:30:00+00:00,GW 5,5,Ässät,Sport,4.0,2.0,False,False,1551.94,1461.77,0.6269,1.0,7.875,1559.81,1453.89
85,2025-26,2025-10-09 15:30:00+00:00,GW 5,5,K-Espoo,Sport,3.0,4.0,False,False,1514.26,1453.89,0.586,0.0,-11.72,1502.54,1465.61
86,2025-26,2025-10-10 15:30:00+00:00,GW 5,5,HPK,SaiPa,1.0,2.0,False,False,1504.35,1522.06,0.4745,0.0,-9.491,1494.86,1531.55
87,2025-26,2025-10-10 15:30:00+00:00,GW 5,5,Ilves,HIFK,3.0,0.0,False,False,1443.29,1447.25,0.4943,1.0,13.996,1457.28,1433.25
88,2025-26,2025-10-10 15:30:00+00:00,GW 5,5,Jukurit,Kärpät,6.0,3.0,False,False,1500.15,1507.4,0.4896,1.0,14.106,1514.26,1493.3
89,2025-26,2025-10-10 15:30:00+00:00,GW 5,5,KalPa,TPS,3.0,4.0,False,True,1518.65,1499.99,0.5268,0.25,-5.536,1513.11,1505.53
90,2025-26,2025-10-10 15:30:00+00:00,GW 5,5,Lukko,JYP,4.0,2.0,False,False,1507.1,1544.29,0.4467,1.0,11.956,1519.06,1532.34
91,2025-26,2025-10-10 16:30:00+00:00,GW 5,5,Ässät,Tappara,3.0,2.0,False,False,1559.81,1526.32,0.548,1.0,9.039,1568.85,1517.28
92,2025-26,2025-10-11 14:00:00+00:00,GW 5,5,HIFK,Ilves,6.0,1.0,False,False,1433.25,1457.28,0.4655,1.0,18.948,1452.2,1438.33
93,2025-26,2025-10-11 14:00:00+00:00,GW 5,5,JYP,TPS,5.0,4.0,False,False,1532.34,1505.53,0.5385,1.0,9.23,1541.57,1496.3
94,2025-26,2025-10-11 14:00:00+00:00,GW 5,5,K-Espoo,KalPa,1.0,2.0,False,False,1502.54,1513.11,0.4848,0.0,-9.696,1492.84,1522.81
95,2025-26,2025-10-11 14:00:00+00:00,GW 5,5,KooKoo,Jukurit,5.0,1.0,False,False,1509.02,1514.26,0.4925,1.0,16.298,1525.32,1497.96
96,2025-26,2025-10-11 14:00:00+00:00,GW 5,5,Pelicans,Lukko,2.0,0.0,False,False,1442.16,1519.06,0.3911,1.0,12.927,1455.09,1506.13
97,2025-26,2025-10-11 14:00:00+00:00,GW 5,5,SaiPa,Kärpät,4.0,3.0,False,False,1531.55,1493.3,0.5548,1.0,8.903,1540.46,1484.4
98,2025-26,2025-10-11 14:00:00+00:00,GW 5,5,Sport,HPK,4.0,5.0,False,False,1465.61,1494.86,0.458,0.0,-9.16,1456.45,1504.02
99,2025-26,2025-10-11 14:00:00+00:00,GW 5,5,Tappara,Ässät,2.0,1.0,False,False,1517.28,1568.85,0.4263,1.0,11.473,1528.75,1557.38
100,2025-26,2025-10-17 15:30:00+00:00,GW 6,6,Ilves,TPS,4.0,3.0,False,False,1438.33,1496.3,0.4173,1.0,11.653,1449.99,1484.65
101,2025-26,2025-10-17 15:30:00+00:00,GW 6,6,K-Espoo,Tappara,4.0,3.0,False,True,1492.84,1528.75,0.4485,0.75,6.03,1498.87,1522.72
102,2025-26,2025-10-17 15:30:00+00:00,GW 6,6,KooKoo,Lukko,2.0,5.0,False,False,1525.32,1506.13,0.5276,0.0,-14.501,1510.82,1520.63
103,2025-26,2025-10-17 15:30:00+00:00,GW 6,6,Kärpät,HPK,5.0,2.0,False,False,1484.4,1504.02,0.4718,1.0,14.516,1498.91,1489.5
104,2025-26,2025-10-17 15:30:00+00:00,GW 6,6,Pelicans,Jukurit,1.0,0.0,False,False,1455.09,1497.96,0.4386,1.0,11.228,1466.32,1486.73
105,2025-26,2025-10-17 15:30:00+00:00,GW 6,6,SaiPa,JYP,1.0,2.0,False,False,1540.46,1541.57,0.4984,0.0,-9.968,1530.49,1551.54
106,2025-26,2025-10-17 15:30:00+00:00,GW 6,6,Sport,Ässät,1.0,2.0,False,False,1456.45,1557.38,0.3587,0.0,-7.174,1449.28,1564.55
107,2025-26,2025-10-17 16:30:00+00:00,GW 6,6,HIFK,KalPa,3.0,2.0,False,False,1452.2,1522.81,0.3998,1.0,12.005,1464.2,1510.8
108,2025-26,2025-10-18 13:00:00+00:00,GW 6,6,Kärpät,HPK,1.0,2.0,False,False,1498.91,1489.5,0.5135,0.0,-10.271,1488.64,1499.77
109,2025-26,2025-10-18 14:00:00+00:00,GW 6,6,Jukurit,Pelicans,3.0,2.0,False,False,1486.73,1466.32,0.5293,1.0,9.413,1496.14,1456.9
110,2025-26,2025-10-18 14:00:00+00:00,GW 6,6,JYP,Sport,5.0,4.0,False,False,1551.54,1449.28,0.6431,1.0,7.139,1558.67,1442.14
111,2025-26,2025-10-18 14:00:00+00:00,GW 6,6,Lukko,SaiPa,4.0,2.0,False,False,1520.63,1530.49,0.4858,1.0,11.247,1531.88,1519.24
112,2025-26,2025-10-18 14:00:00+00:00,GW 6,6,Tappara,K-Espoo,3.0,4.0,False,True,1522.72,1498.87,0.5343,0.25,-5.685,1517.04,1504.56
114,2025-26,2025-10-18 15:00:00+00:00,GW 6,6,Ässät,HIFK,5.0,0.0,False,False,1564.55,1464.2,0.6405,1.0,12.32,1576.87,1451.88
113,2025-26,2025-10-18 15:30:00+00:00,GW 6,6,TPS,Ilves,4.0,3.0,False,False,1484.65,1449.99,0.5497,1.0,9.006,1493.65,1440.98
115,2025-26,2025-10-18 15:30:00+00:00,GW 6,6,KalPa,KooKoo,4.0,2.0,False,False,1510.8,1510.82,0.5,1.0,10.986,1521.79,1499.83
116,2025-26,2025-10-21 14:30:00+00:00,GW 7,7,Ässät,SaiPa,3.0,2.0,False,False,1576.87,1519.24,0.5822,1.0,8.356,1585.23,1510.88
117,2025-26,2025-10-22 15:30:00+00:00,GW 7,7,HIFK,HPK,2.0,6.0,False,False,1451.88,1499.77,0.4315,0.0,-13.594,1438.29,1513.37
118,2025-26,2025-10-22 15:30:00+00:00,GW 7,7,Jukurit,KalPa,2.0,1.0,False,False,1496.14,1521.79,0.4632,1.0,10.737,1506.88,1511.05
119,2025-26,2025-10-22 15:30:00+00:00,GW 7,7,Pelicans,Tappara,2.0,5.0,False,False,1456.9,1517.04,0.4143,0.0,-11.181,1445.72,1528.22
120,2025-26,2025-10-22 15:30:00+00:00,GW 7,7,TPS,Sport,3.0,2.0,False,True,1493.65,1442.14,0.5736,0.75,3.528,1497.18,1438.61
121,2025-26,2025-10-24 15:30:00+00:00,GW 7,7,Jukurit,TPS,3.0,0.0,False,False,1506.88,1497.18,0.514,1.0,13.417,1520.3,1483.76
122,2025-26,2025-10-24 15:30:00+00:00,GW 7,7,K-Espoo,HIFK,1.0,0.0,False,False,1504.56,1438.29,0.5942,1.0,8.115,1512.67,1430.17
123,2025-26,2025-10-24 15:30:00+00:00,GW 7,7,KooKoo,HPK,5.0,2.0,False,False,1499.83,1513.37,0.4805,1.0,14.315,1514.14,1499.05
124,2025-26,2025-10-24 15:30:00+00:00,GW 7,7,Tappara,Ilves,1.0,3.0,False,False,1528.22,1440.98,0.623,0.0,-13.166,1515.05,1454.15
125,2025-26,2025-10-24 15:30:00+00:00,GW 7,7,Lukko,Ässät,5.0,3.0,False,False,1531.88,1585.23,0.4238,1.0,12.36,1544.24,1572.87
126,2025-26,2025-10-24 16:30:00+00:00,GW 7,7,KalPa,Kärpät,6.0,4.0,False,False,1511.05,1488.64,0.5322,1.0,10.175,1521.23,1478.47
127,2025-26,2025-10-25 14:00:00+00:00,GW 7,7,HPK,KooKoo,4.0,5.0,False,True,1499.05,1514.14,0.4783,0.25,-4.566,1494.49,1518.71
128,2025-26,2025-10-25 14:00:00+00:00,GW 7,7,Ilves,Jukurit,3.0,2.0,False,False,1454.15,1520.3,0.4059,1.0,11.881,1466.03,1508.42
129,2025-26,2025-10-25 14:00:00+00:00,GW 7,7,JYP,K-Espoo,6.0,3.0,False,False,1558.67,1512.67,0.5658,1.0,11.792,1570.47,1500.88
130,2025-26,2025-10-25 14:00:00+00:00,GW 7,7,KalPa,Kärpät,3.0,1.0,False,False,1521.23,1478.47,0.5612,1.0,9.457,1530.69,1469.01
131,2025-26,2025-10-25 14:00:00+00:00,GW 7,7,Ässät,Lukko,3.0,2.0,False,False,1572.87,1544.24,0.5411,1.0,9.178,1582.04,1535.06
132,2025-26,2025-10-25 14:00:00+00:00,GW 7,7,Pelicans,TPS,1.0,2.0,False,False,1445.72,1483.76,0.4455,0.0,-8.909,1436.81,1492.67
133,2025-26,2025-10-25 14:00:00+00:00,GW 7,7,SaiPa,HIFK,3.0,0.0,False,False,1510.88,1430.17,0.6141,1.0,10.321,1521.2,1419.85
134,2025-26,2025-10-28 16:30:00+00:00,GW 8,8,Kärpät,Ässät,2.0,4.0,False,False,1469.01,1582.04,0.3428,0.0,-7.165,1461.84,1589.21
135,2025-26,2025-10-28 16:30:00+00:00,GW 8,8,Tappara,SaiPa,5.0,0.0,False,False,1515.05,1521.2,0.4911,1.0,18.184,1533.24,1503.02
136,2025-26,2025-10-29 16:30:00+00:00,GW 8,8,HIFK,JYP,1.0,4.0,False,False,1419.85,1570.47,0.2959,0.0,-7.678,1412.18,1578.14
137,2025-26,2025-10-29 16:30:00+00:00,GW 8,8,Ilves,K-Espoo,5.0,7.0,False,False,1466.03,1500.88,0.45,0.0,-9.734,1456.29,1510.61
138,2025-26,2025-10-29 16:30:00+00:00,GW 8,8,KalPa,Jukurit,5.0,3.0,False,False,1530.69,1508.42,0.532,1.0,10.18,1540.87,1498.24
139,2025-26,2025-10-29 16:30:00+00:00,GW 8,8,TPS,HPK,1.0,0.0,False,False,1492.67,1494.49,0.4974,1.0,10.052,1502.73,1484.43
140,2025-26,2025-10-31 16:30:00+00:00,GW 8,8,JYP,Kärpät,4.0,5.0,False,True,1578.14,1461.84,0.6614,0.25,-8.228,1569.92,1470.07
141,2025-26,2025-10-31 16:30:00+00:00,GW 8,8,K-Espoo,Jukurit,2.0,3.0,False,False,1510.61,1498.24,0.5178,0.0,-10.356,1500.26,1508.59
142,2025-26,2025-10-31 16:30:00+00:00,GW 8,8,Lukko,Sport,3.0,2.0,False,False,1535.06,1438.61,0.6353,1.0,7.293,1542.36,1431.32
143,2025-26,2025-10-31 16:30:00+00:00,GW 8,8,Pelicans,HPK,5.0,2.0,False,False,1436.81,1484.43,0.4319,1.0,15.418,1452.23,1469.02
145,2025-26,2025-10-31 16:30:00+00:00,GW 8,8,Tappara,HIFK,4.0,1.0,False,False,1533.24,1412.18,0.6675,1.0,8.738,1541.98,1403.44
146,2025-26,2025-10-31 16:30:00+00:00,GW 8,8,Ässät,KooKoo,1.0,2.0,False,False,1589.21,1518.71,0.6001,0.0,-12.002,1577.21,1530.71
144,2025-26,2025-10-31 17:30:00+00:00,GW 8,8,SaiPa,Ilves,5.0,2.0,False,False,1503.02,1456.29,0.5668,1.0,11.76,1514.78,1444.53
147,2025-26,2025-11-01 13:00:00+00:00,GW 8,8,Sport,Lukko,2.0,1.0,False,False,1431.32,1542.36,0.3454,1.0,13.091,1444.41,1529.26
154,2025-26,2025-11-01 14:00:00+00:00,GW 8,8,TPS,SaiPa,1.0,6.0,False,False,1502.73,1514.78,0.4827,0.0,-17.202,1485.52,1531.98
148,2025-26,2025-11-01 15:00:00+00:00,GW 8,8,HIFK,Ässät,3.0,0.0,False,False,1403.44,1577.21,0.2689,1.0,18.787,1422.22,1558.42
149,2025-26,2025-11-01 15:00:00+00:00,GW 8,8,HPK,Pelicans,2.0,1.0,False,False,1469.02,1452.23,0.5241,1.0,9.517,1478.53,1442.71
151,2025-26,2025-11-01 15:00:00+00:00,GW 8,8,Jukurit,K-Espoo,2.0,1.0,False,False,1508.59,1500.26,0.512,1.0,9.76,1518.35,1490.5
152,2025-26,2025-11-01 15:00:00+00:00,GW 8,8,KooKoo,JYP,0.0,4.0,False,False,1530.71,1569.92,0.4438,0.0,-14.036,1516.68,1583.95
153,2025-26,2025-11-01 15:00:00+00:00,GW 8,8,Kärpät,Tappara,3.0,4.0,False,False,1470.07,1541.98,0.398,0.0,-7.959,1462.11,1549.94
150,2025-26,2025-11-01 16:30:00+00:00,GW 8,8,Ilves,KalPa,5.0,2.0,False,False,1444.53,1540.87,0.3648,1.0,16.872,1461.41,1523.99
155,2025-26,2025-11-12 16:30:00+00:00,GW 9,9,K-Espoo,TPS,2.0,4.0,False,False,1490.5,1485.52,0.5072,0.0,-11.118,1479.38,1496.64
156,2025-26,2025-11-12 16:30:00+00:00,GW 9,9,Kärpät,Jukurit,4.0,3.0,False,True,1462.11,1518.35,0.4198,0.75,6.605,1468.72,1511.75
157,2025-26,2025-11-12 16:30:00+00:00,GW 9,9,Pelicans,KooKoo,0.0,6.0,False,False,1442.71,1516.68,0.3951,0.0,-14.878,1427.83,1531.55
158,2025-26,2025-11-12 16:30:00+00:00,GW 9,9,SaiPa,Ässät,2.0,5.0,False,False,1531.98,1558.42,0.462,0.0,-12.658,1519.32,1571.08
159,2025-26,2025-11-12 16:30:00+00:00,GW 9,9,Sport,Tappara,1.0,7.0,False,False,1444.41,1549.94,0.3526,0.0,-13.096,1431.32,1563.03
160,2025-26,2025-11-13 16:30:00+00:00,GW 9,9,HPK,Sport,4.0,1.0,False,False,1478.53,1431.32,0.5675,1.0,11.738,1490.27,1419.58
161,2025-26,2025-11-14 16:30:00+00:00,GW 9,9,Ilves,Tappara,4.0,2.0,False,False,1461.41,1563.03,0.3578,1.0,13.488,1474.89,1549.54
162,2025-26,2025-11-14 16:30:00+00:00,GW 9,9,Jukurit,Lukko,2.0,3.0,False,False,1511.75,1529.26,0.4748,0.0,-9.496,1502.25,1538.76
163,2025-26,2025-11-14 16:30:00+00:00,GW 9,9,JYP,KalPa,5.0,4.0,False,False,1583.95,1523.99,0.5854,1.0,8.291,1592.24,1515.7
164,2025-26,2025-11-14 16:30:00+00:00,GW 9,9,KooKoo,SaiPa,4.0,1.0,False,False,1531.55,1519.32,0.5176,1.0,13.301,1544.85,1506.02
165,2025-26,2025-11-14 16:30:00+00:00,GW 9,9,TPS,Ässät,3.0,4.0,False,False,1496.64,1571.08,0.3945,0.0,-7.89,1488.75,1578.97
166,2025-26,2025-11-14 17:30:00+00:00,GW 9,9,HIFK,Kärpät,4.0,3.0,False,True,1422.22,1468.72,0.4335,0.75,6.33,1428.56,1462.39
167,2025-26,2025-11-15 15:00:00+00:00,GW 9,9,HPK,Ilves,2.0,3.0,False,False,1490.27,1474.89,0.5221,0.0,-10.442,1479.83,1485.34
168,2025-26,2025-11-15 15:00:00+00:00,GW 9,9,K-Espoo,KooKoo,2.0,3.0,False,False,1479.38,1544.85,0.4069,0.0,-8.137,1471.24,1552.99
169,2025-26,2025-11-15 15:00:00+00:00,GW 9,9,KalPa,JYP,2.0,5.0,False,False,1515.7,1592.24,0.3916,0.0,-10.492,1505.21,1602.74
170,2025-26,2025-11-15 15:00:00+00:00,GW 9,9,Kärpät,HIFK,5.0,2.0,False,False,1462.39,1428.56,0.5485,1.0,12.328,1474.71,1416.23
171,2025-26,2025-11-15 15:00:00+00:00,GW 9,9,SaiPa,Lukko,4.0,5.0,False,False,1506.02,1538.76,0.453,0.0,-9.061,1496.96,1547.82
172,2025-26,2025-11-15 15:00:00+00:00,GW 9,9,Tappara,Pelicans,2.0,0.0,False,False,1549.54,1427.83,0.6683,1.0,6.906,1556.45,1420.93
173,2025-26,2025-11-15 15:00:00+00:00,GW 9,9,Ässät,TPS,2.0,1.0,False,False,1578.97,1488.75,0.627,1.0,7.46,1586.43,1481.29
175,2025-26,2025-11-19 16:30:00+00:00,GW 10,10,Kärpät,K-Espoo,3.0,1.0,False,False,1474.71,1471.24,0.505,1.0,10.859,1485.57,1460.38
176,2025-26,2025-11-19 16:30:00+00:00,GW 10,10,TPS,KooKoo,2.0,3.0,False,False,1481.29,1552.99,0.3983,0.0,-7.965,1473.33,1560.96
177,2025-26,2025-11-20 16:30:00+00:00,GW 10,10,SaiPa,Pelicans,2.0,3.0,False,False,1496.96,1420.93,0.6077,0.0,-12.154,1484.81,1433.08
178,2025-26,2025-11-20 16:30:00+00:00,GW 10,10,Tappara,Sport,4.0,3.0,False,True,1556.45,1419.58,0.6874,0.75,1.252,1557.7,1418.32
179,2025-26,2025-11-21 16:30:00+00:00,GW 10,10,HPK,HIFK,4.0,0.0,False,False,1479.83,1416.23,0.5905,1.0,12.81,1492.64,1403.42
180,2025-26,2025-11-21 16:30:00+00:00,GW 10,10,Jukurit,Ässät,2.0,3.0,False,False,1502.25,1586.43,0.3812,0.0,-7.624,1494.63,1594.05
181,2025-26,2025-11-21 16:30:00+00:00,GW 10,10,JYP,Lukko,4.0,3.0,False,False,1602.74,1547.82,0.5784,1.0,8.432,1611.17,1539.39
182,2025-26,2025-11-21 17:30:00+00:00,GW 10,10,Kärpät,TPS,0.0,4.0,False,False,1485.57,1473.33,0.5176,0.0,-16.569,1469.0,1489.9
183,2025-26,2025-11-22 14:00:00+00:00,GW 10,10,K-Espoo,Ilves,4.0,3.0,False,False,1460.38,1485.34,0.4642,1.0,10.717,1471.1,1474.62
184,2025-26,2025-11-22 15:00:00+00:00,GW 10,10,Jukurit,Tappara,2.0,3.0,False,False,1494.63,1557.7,0.4102,0.0,-8.204,1486.42,1565.91
185,2025-26,2025-11-22 15:00:00+00:00,GW 10,10,KalPa,Lukko,6.0,2.0,False,False,1505.21,1539.39,0.451,1.0,17.402,1522.61,1521.99
186,2025-26,2025-11-22 15:00:00+00:00,GW 10,10,KooKoo,HIFK,8.0,1.0,False,False,1560.96,1403.42,0.7124,1.0,11.163,1572.12,1392.25
187,2025-26,2025-11-22 15:00:00+00:00,GW 10,10,Pelicans,Ässät,2.0,0.0,False,False,1433.08,1594.05,0.2836,1.0,14.667,1447.75,1579.38
188,2025-26,2025-11-22 16:30:00+00:00,GW 10,10,Sport,TPS,3.0,1.0,False,False,1418.32,1489.9,0.3984,1.0,12.801,1431.13,1477.1
189,2025-26,2025-11-25 16:30:00+00:00,GW 11,11,Ilves,Pelicans,3.0,0.0,False,False,1474.62,1447.75,0.5386,1.0,12.639,1487.26,1435.11
190,2025-26,2025-11-25 16:30:00+00:00,GW 11,11,Ässät,K-Espoo,3.0,5.0,False,False,1579.38,1471.1,0.651,0.0,-13.632,1565.75,1484.73
191,2025-26,2025-11-26 16:30:00+00:00,GW 11,11,KalPa,HPK,4.0,1.0,False,False,1522.61,1492.64,0.543,1.0,12.5,1535.11,1480.14
192,2025-26,2025-11-26 16:30:00+00:00,GW 11,11,Lukko,HIFK,1.0,3.0,False,False,1521.99,1392.25,0.6785,0.0,-14.078,1507.91,1406.33
193,2025-26,2025-11-26 16:30:00+00:00,GW 11,11,Pelicans,JYP,3.0,1.0,False,False,1435.11,1611.17,0.2663,1.0,14.926,1450.04,1596.24
194,2025-26,2025-11-26 16:30:00+00:00,GW 11,11,SaiPa,TPS,6.0,1.0,False,False,1484.81,1477.1,0.5111,1.0,17.459,1502.27,1459.64
195,2025-26,2025-11-26 16:30:00+00:00,GW 11,11,Sport,K-Espoo,2.0,3.0,False,False,1431.13,1484.73,0.4235,0.0,-8.469,1422.66,1493.2
196,2025-26,2025-11-26 16:30:00+00:00,GW 11,11,Tappara,Jukurit,4.0,3.0,False,False,1565.91,1486.42,0.6124,1.0,7.751,1573.66,1478.67
197,2025-26,2025-11-28 16:30:00+00:00,GW 11,11,HIFK,TPS,3.0,2.0,False,False,1406.33,1459.64,0.4239,1.0,11.522,1417.85,1448.11
198,2025-26,2025-11-28 16:30:00+00:00,GW 11,11,JYP,SaiPa,3.0,7.0,False,False,1596.24,1502.27,0.632,0.0,-19.511,1576.73,1521.78
199,2025-26,2025-11-28 16:30:00+00:00,GW 11,11,KooKoo,Kärpät,4.0,5.0,False,True,1572.12,1469.0,0.6442,0.25,-7.884,1564.24,1476.89
200,2025-26,2025-11-28 16:30:00+00:00,GW 11,11,Lukko,Jukurit,1.0,0.0,False,False,1507.91,1478.67,0.542,1.0,9.16,1517.07,1469.51
201,2025-26,2025-11-28 16:30:00+00:00,GW 11,11,Ässät,KalPa,5.0,1.0,False,False,1565.75,1535.11,0.544,1.0,14.477,1580.23,1520.63
202,2025-26,2025-11-28 17:30:00+00:00,GW 11,11,Tappara,Ilves,3.0,0.0,False,False,1573.66,1487.26,0.6218,1.0,10.089,1583.75,1477.17
203,2025-26,2025-11-29 15:00:00+00:00,GW 11,11,HIFK,Jukurit,2.0,3.0,False,False,1417.85,1469.51,0.4262,0.0,-8.524,1409.33,1478.04
204,2025-26,2025-11-29 15:00:00+00:00,GW 11,11,HPK,Lukko,1.0,2.0,False,True,1480.14,1517.07,0.4471,0.25,-3.941,1476.2,1521.01
205,2025-26,2025-11-29 15:00:00+00:00,GW 11,11,Pelicans,Kärpät,5.0,1.0,False,False,1450.04,1476.89,0.4614,1.0,17.127,1467.16,1459.76
206,2025-26,2025-11-29 15:00:00+00:00,GW 11,11,SaiPa,K-Espoo,4.0,1.0,False,False,1521.78,1493.2,0.541,1.0,12.562,1534.34,1480.64
207,2025-26,2025-11-29 15:00:00+00:00,GW 11,11,Sport,KalPa,2.0,5.0,False,False,1422.66,1520.63,0.3626,0.0,-9.625,1413.03,1530.26
208,2025-26,2025-12-03 16:30:00+00:00,GW 12,12,HIFK,Ässät,4.0,2.0,False,False,1409.33,1580.23,0.2721,1.0,14.84,1424.17,1565.39
209,2025-26,2025-12-03 16:30:00+00:00,GW 12,12,Pelicans,KooKoo,2.0,4.0,False,False,1467.16,1564.24,0.3638,0.0,-7.656,1459.51,1571.89
210,2025-26,2025-12-03 16:30:00+00:00,GW 12,12,Tappara,JYP,6.0,3.0,False,False,1583.75,1576.73,0.5101,1.0,13.54,1597.29,1563.19
211,2025-26,2025-12-03 16:30:00+00:00,GW 12,12,TPS,K-Espoo,5.0,0.0,False,False,1448.11,1480.64,0.4533,1.0,19.305,1467.42,1461.34
212,2025-26,2025-12-04 16:30:00+00:00,GW 12,12,Ilves,HPK,3.0,2.0,False,False,1477.17,1476.2,0.5014,1.0,9.972,1487.14,1466.23
213,2025-26,2025-12-04 16:30:00+00:00,GW 12,12,KalPa,Sport,5.0,3.0,False,False,1530.26,1413.03,0.6626,1.0,7.039,1537.3,1405.99
214,2025-26,2025-12-05 16:30:00+00:00,GW 12,12,HPK,Tappara,1.0,3.0,False,False,1466.23,1597.29,0.3199,0.0,-6.633,1459.59,1603.92
215,2025-26,2025-12-05 16:30:00+00:00,GW 12,12,Jukurit,SaiPa,1.0,4.0,False,False,1478.04,1534.34,0.4197,0.0,-11.345,1466.69,1545.69
216,2025-26,2025-12-05 16:30:00+00:00,GW 12,12,KooKoo,K-Espoo,3.0,0.0,False,False,1571.89,1461.34,0.6539,1.0,9.136,1581.03,1452.2
217,2025-26,2025-12-05 16:30:00+00:00,GW 12,12,Kärpät,HIFK,0.0,1.0,False,False,1459.76,1424.17,0.551,0.0,-11.021,1448.74,1435.19
218,2025-26,2025-12-05 16:30:00+00:00,GW 12,12,Lukko,TPS,4.0,2.0,False,False,1521.01,1467.42,0.5765,1.0,9.084,1530.09,1458.34
219,2025-26,2025-12-05 16:30:00+00:00,GW 12,12,Pelicans,Sport,3.0,0.0,False,False,1459.51,1405.99,0.5764,1.0,11.465,1470.97,1394.53
220,2025-26,2025-12-05 16:30:00+00:00,GW 12,12,Ässät,Ilves,3.0,4.0,False,True,1565.39,1487.14,0.6107,0.25,-7.215,1558.17,1494.36
221,2025-26,2025-12-05 17:30:00+00:00,GW 12,12,JYP,KalPa,6.0,2.0,False,False,1563.19,1537.3,0.5372,1.0,14.724,1577.91,1522.57
222,2025-26,2025-12-09 16:30:00+00:00,GW 13,13,TPS,JYP,1.0,2.0,False,True,1458.34,1577.91,0.3344,0.25,-1.688,1456.65,1579.6
223,2025-26,2025-12-09 16:30:00+00:00,GW 13,13,Ässät,Jukurit,4.0,0.0,False,False,1558.17,1466.69,0.6287,1.0,11.475,1569.65,1455.22
224,2025-26,2025-12-10 16:30:00+00:00,GW 13,13,HIFK,Tappara,6.0,3.0,False,False,1435.19,1603.92,0.2746,1.0,18.679,1453.87,1585.24
225,2025-26,2025-12-10 16:30:00+00:00,GW 13,13,K-Espoo,HPK,3.0,1.0,False,False,1452.2,1459.59,0.4894,1.0,11.182,1463.38,1448.41
226,2025-26,2025-12-10 16:30:00+00:00,GW 13,13,KooKoo,KalPa,5.0,2.0,False,False,1581.03,1522.57,0.5833,1.0,11.253,1592.28,1511.32
227,2025-26,2025-12-10 16:30:00+00:00,GW 13,13,Lukko,Kärpät,5.0,2.0,False,False,1530.09,1448.74,0.615,1.0,10.294,1540.39,1438.45
228,2025-26,2025-12-11 16:30:00+00:00,GW 13,13,Sport,Pelicans,0.0,4.0,False,False,1394.53,1470.97,0.3917,0.0,-12.186,1382.34,1483.16
229,2025-26,2025-12-11 16:30:00+00:00,GW 13,13,TPS,Jukurit,3.0,1.0,False,False,1456.65,1455.22,0.5021,1.0,10.934,1467.58,1444.28
230,2025-26,2025-12-12 16:30:00+00:00,GW 13,13,Ilves,KooKoo,3.0,0.0,False,False,1494.36,1592.28,0.3627,1.0,16.917,1511.27,1575.37
231,2025-26,2025-12-12 16:30:00+00:00,GW 13,13,JYP,HPK,3.0,4.0,False,True,1579.6,1448.41,0.6803,0.25,-8.606,1571.0,1457.02
232,2025-26,2025-12-12 16:30:00+00:00,GW 13,13,KalPa,SaiPa,3.0,6.0,False,False,1511.32,1545.69,0.4507,0.0,-12.304,1499.02,1557.99
233,2025-26,2025-12-12 17:30:00+00:00,GW 13,13,Ässät,Lukko,1.0,5.0,False,False,1569.65,1540.39,0.542,0.0,-17.218,1552.43,1557.61
234,2025-26,2025-12-13 14:00:00+00:00,GW 13,13,TPS,Tappara,3.0,5.0,False,False,1467.58,1585.24,0.3369,0.0,-7.026,1460.56,1592.27
238,2025-26,2025-12-13 14:00:00+00:00,GW 13,13,Lukko,Ässät,8.0,3.0,False,False,1557.61,1552.43,0.5074,1.0,17.609,1575.22,1534.82
235,2025-26,2025-12-13 15:00:00+00:00,GW 13,13,HPK,KalPa,1.0,2.0,False,False,1457.02,1499.02,0.4399,0.0,-8.797,1448.22,1507.81
236,2025-26,2025-12-13 15:00:00+00:00,GW 13,13,K-Espoo,Pelicans,2.0,3.0,False,False,1463.38,1483.16,0.4716,0.0,-9.431,1453.95,1492.59
237,2025-26,2025-12-13 15:00:00+00:00,GW 13,13,Kärpät,SaiPa,3.0,4.0,False,False,1438.45,1557.99,0.3344,0.0,-6.689,1431.76,1564.68
239,2025-26,2025-12-13 15:00:00+00:00,GW 13,13,Sport,HIFK,3.0,2.0,False,False,1382.34,1453.87,0.3985,1.0,12.03,1394.37,1441.84
240,2025-26,2025-12-13 16:30:00+00:00,GW 13,13,KooKoo,Ilves,1.0,2.0,False,False,1575.37,1511.27,0.5912,0.0,-11.824,1563.54,1523.1
241,2025-26,2025-12-17 16:30:00+00:00,GW 14,14,HIFK,HPK,4.0,3.0,False,False,1441.84,1448.22,0.4908,1.0,10.184,1452.02,1438.04
242,2025-26,2025-12-17 16:30:00+00:00,GW 14,14,Jukurit,Sport,4.0,0.0,False,False,1444.28,1394.37,0.5713,1.0,13.492,1457.77,1380.88
243,2025-26,2025-12-17 16:30:00+00:00,GW 14,14,JYP,KooKoo,4.0,2.0,False,False,1571.0,1563.54,0.5107,1.0,10.714,1581.71,1552.83
244,2025-26,2025-12-17 16:30:00+00:00,GW 14,14,Kärpät,K-Espoo,4.0,3.0,False,False,1431.76,1453.95,0.4681,1.0,10.638,1442.4,1443.31
246,2025-26,2025-12-19 16:30:00+00:00,GW 14,14,HIFK,TPS,3.0,4.0,False,False,1452.02,1460.56,0.4877,0.0,-9.754,1442.27,1470.31
247,2025-26,2025-12-19 16:30:00+00:00,GW 14,14,HPK,JYP,1.0,4.0,False,False,1438.04,1581.71,0.3043,0.0,-7.919,1430.12,1589.63
248,2025-26,2025-12-19 16:30:00+00:00,GW 14,14,KalPa,KooKoo,2.0,6.0,False,False,1507.81,1552.83,0.4356,0.0,-13.74,1494.07,1566.57
249,2025-26,2025-12-19 16:30:00+00:00,GW 14,14,SaiPa,Lukko,5.0,2.0,False,False,1564.68,1575.22,0.4848,1.0,14.215,1578.89,1561.0
250,2025-26,2025-12-19 16:30:00+00:00,GW 14,14,Sport,Tappara,4.0,2.0,False,False,1380.88,1592.27,0.2285,1.0,15.466,1396.35,1576.8
251,2025-26,2025-12-19 16:30:00+00:00,GW 14,14,Ässät,Pelicans,1.0,2.0,False,True,1534.82,1492.59,0.5605,0.25,-6.21,1528.61,1498.8
252,2025-26,2025-12-19 17:30:00+00:00,GW 14,14,Ilves,K-Espoo,5.0,0.0,False,False,1523.1,1443.31,0.6128,1.0,13.388,1536.49,1429.92
253,2025-26,2025-12-20 15:00:00+00:00,GW 14,14,JYP,SaiPa,1.0,2.0,False,False,1589.63,1578.89,0.5154,0.0,-10.309,1579.32,1589.2
254,2025-26,2025-12-20 15:00:00+00:00,GW 14,14,K-Espoo,Ilves,2.0,5.0,False,False,1429.92,1536.49,0.3513,0.0,-9.29,1420.63,1545.78
255,2025-26,2025-12-20 15:00:00+00:00,GW 14,14,KooKoo,KalPa,2.0,1.0,False,False,1566.57,1494.07,0.6028,1.0,7.943,1574.51,1486.13
256,2025-26,2025-12-20 15:00:00+00:00,GW 14,14,Kärpät,Jukurit,3.0,2.0,False,True,1442.4,1457.77,0.4779,0.75,5.442,1447.84,1452.33
257,2025-26,2025-12-20 15:00:00+00:00,GW 14,14,Lukko,HPK,4.0,2.0,False,False,1561.0,1430.12,0.6799,1.0,6.638,1567.64,1423.48
258,2025-26,2025-12-20 15:00:00+00:00,GW 14,14,Pelicans,Ässät,2.0,1.0,False,False,1498.8,1528.61,0.4572,1.0,10.856,1509.66,1517.76
259,2025-26,2025-12-20 15:00:00+00:00,GW 14,14,Tappara,Sport,5.0,0.0,False,False,1576.8,1396.35,0.7386,1.0,8.657,1585.46,1387.69
260,2025-26,2025-12-20 15:00:00+00:00,GW 14,14,TPS,HIFK,4.0,3.0,False,False,1470.31,1442.27,0.5403,1.0,9.195,1479.5,1433.07
261,2025-26,2025-12-26 14:00:00+00:00,GW 15,15,Tappara,Pelicans,5.0,0.0,False,False,1585.46,1509.66,0.6074,1.0,13.601,1599.06,1496.06
262,2025-26,2025-12-26 16:30:00+00:00,GW 15,15,HPK,Ilves,3.0,8.0,False,False,1423.48,1545.78,0.3309,0.0,-11.234,1412.25,1557.01
263,2025-26,2025-12-26 16:30:00+00:00,GW 15,15,JYP,Kärpät,5.0,3.0,False,False,1579.32,1447.84,0.6807,1.0,6.621,1585.94,1441.22
264,2025-26,2025-12-26 16:30:00+00:00,GW 15,15,Lukko,Sport,2.0,1.0,False,False,1567.64,1387.69,0.7381,1.0,5.239,1572.88,1382.45
265,2025-26,2025-12-26 16:30:00+00:00,GW 15,15,SaiPa,KalPa,3.0,5.0,False,False,1589.2,1486.13,0.6441,0.0,-13.52,1575.68,1499.65
266,2025-26,2025-12-26 16:30:00+00:00,GW 15,15,TPS,K-Espoo,0.0,1.0,False,False,1479.5,1420.63,0.5839,0.0,-11.678,1467.83,1432.31
267,2025-26,2025-12-27 15:00:00+00:00,GW 15,15,K-Espoo,TPS,8.0,1.0,False,False,1432.31,1467.83,0.4491,1.0,22.549,1454.86,1445.28
268,2025-26,2025-12-27 15:00:00+00:00,GW 15,15,KalPa,SaiPa,4.0,2.0,False,False,1499.65,1575.68,0.3923,1.0,12.907,1512.56,1562.78
269,2025-26,2025-12-27 15:00:00+00:00,GW 15,15,KooKoo,Tappara,6.0,3.0,False,False,1574.51,1599.06,0.4647,1.0,14.677,1589.19,1584.38
270,2025-26,2025-12-27 15:00:00+00:00,GW 15,15,Kärpät,JYP,2.0,4.0,False,False,1441.22,1585.94,0.303,0.0,-6.246,1434.97,1592.19
271,2025-26,2025-12-27 15:00:00+00:00,GW 15,15,Pelicans,Lukko,1.0,5.0,False,False,1496.06,1572.88,0.3912,0.0,-12.168,1483.89,1585.04
272,2025-26,2025-12-27 15:00:00+00:00,GW 15,15,Sport,Ilves,1.0,4.0,False,False,1382.45,1557.01,0.268,0.0,-6.884,1375.57,1563.89
273,2025-26,2025-12-27 15:00:00+00:00,GW 15,15,Ässät,HPK,4.0,3.0,False,False,1517.76,1412.25,0.6473,1.0,7.053,1524.81,1405.19
274,2025-26,2025-12-30 16:30:00+00:00,GW 16,16,HPK,JYP,2.0,3.0,False,False,1405.19,1592.19,0.2542,0.0,-5.084,1400.11,1597.27
275,2025-26,2025-12-30 16:30:00+00:00,GW 16,16,Ilves,Kärpät,3.0,2.0,False,False,1563.89,1434.97,0.6775,1.0,6.451,1570.34,1428.52
276,2025-26,2025-12-30 16:30:00+00:00,GW 16,16,Jukurit,Pelicans,5.0,3.0,False,False,1452.33,1483.89,0.4547,1.0,11.812,1464.14,1472.08
277,2025-26,2025-12-30 16:30:00+00:00,GW 16,16,Sport,Ässät,2.0,1.0,False,False,1375.57,1524.81,0.2975,1.0,14.05,1389.61,1510.76
278,2025-26,2026-01-03 13:00:00+00:00,GW 16,16,K-Espoo,Tappara,2.0,5.0,False,False,1454.86,1584.38,0.3218,0.0,-8.426,1446.44,1592.81
279,2025-26,2026-01-03 15:00:00+00:00,GW 16,16,HIFK,JYP,5.0,3.0,False,False,1433.07,1597.27,0.2799,1.0,14.724,1447.8,1582.55
280,2025-26,2026-01-03 15:00:00+00:00,GW 16,16,HPK,Jukurit,3.0,1.0,False,False,1400.11,1464.14,0.4089,1.0,12.621,1412.73,1451.52
281,2025-26,2026-01-03 15:00:00+00:00,GW 16,16,Ilves,TPS,5.0,2.0,False,False,1570.34,1445.28,0.6726,1.0,8.589,1578.93,1436.69
282,2025-26,2026-01-03 15:00:00+00:00,GW 16,16,KalPa,Pelicans,2.0,1.0,False,False,1512.56,1472.08,0.558,1.0,8.84,1521.4,1463.24
283,2025-26,2026-01-03 15:00:00+00:00,GW 16,16,Kärpät,Sport,6.0,0.0,False,False,1428.52,1389.61,0.5558,1.0,16.989,1445.51,1372.63
284,2025-26,2026-01-03 15:00:00+00:00,GW 16,16,SaiPa,KooKoo,2.0,3.0,False,True,1562.78,1589.19,0.4621,0.25,-4.241,1558.54,1593.43
285,2025-26,2026-01-05 16:30:00+00:00,GW 17,17,Jukurit,Lukko,1.0,2.0,False,False,1451.52,1585.04,0.3168,0.0,-6.336,1445.19,1591.38
286,2025-26,2026-01-05 16:30:00+00:00,GW 17,17,KooKoo,SaiPa,3.0,4.0,False,False,1593.43,1558.54,0.55,0.0,-11.001,1582.43,1569.54
287,2025-26,2026-01-05 16:30:00+00:00,GW 17,17,Tappara,HPK,2.0,1.0,False,False,1592.81,1412.73,0.7382,1.0,5.236,1598.04,1407.49
288,2025-26,2026-01-07 16:30:00+00:00,GW 17,17,HIFK,KalPa,5.0,1.0,False,False,1447.8,1521.4,0.3956,1.0,18.824,1466.62,1502.57
289,2025-26,2026-01-07 16:30:00+00:00,GW 17,17,Ilves,Sport,3.0,2.0,False,False,1578.93,1372.63,0.7663,1.0,4.674,1583.61,1367.95
290,2025-26,2026-01-07 16:30:00+00:00,GW 17,17,Lukko,SaiPa,3.0,4.0,False,False,1591.38,1569.54,0.5314,0.0,-10.628,1580.75,1580.16
291,2025-26,2026-01-07 16:30:00+00:00,GW 17,17,Ässät,Kärpät,4.0,3.0,False,False,1510.76,1445.51,0.5928,1.0,8.144,1518.9,1437.36
292,2025-26,2026-01-09 16:30:00+00:00,GW 17,17,HPK,K-Espoo,2.0,0.0,False,False,1407.49,1446.44,0.4442,1.0,12.0,1419.49,1434.44
293,2025-26,2026-01-09 16:30:00+00:00,GW 17,17,KalPa,Sport,4.0,3.0,False,False,1502.57,1367.95,0.6846,1.0,6.308,1508.88,1361.64
294,2025-26,2026-01-09 16:30:00+00:00,GW 17,17,KooKoo,JYP,6.0,1.0,False,False,1582.43,1582.55,0.4998,1.0,17.923,1600.35,1564.62
295,2025-26,2026-01-09 16:30:00+00:00,GW 17,17,Lukko,Kärpät,4.0,1.0,False,False,1580.75,1437.36,0.6954,1.0,7.929,1588.68,1429.44
296,2025-26,2026-01-09 16:30:00+00:00,GW 17,17,SaiPa,TPS,1.0,4.0,False,False,1580.16,1436.69,0.6955,0.0,-18.103,1562.06,1454.79
297,2025-26,2026-01-09 16:30:00+00:00,GW 17,17,Tappara,Ässät,6.0,2.0,False,False,1598.04,1518.9,0.612,1.0,12.057,1610.1,1506.85
298,2025-26,2026-01-09 17:30:00+00:00,GW 17,17,HIFK,Ilves,1.0,0.0,False,False,1466.62,1583.61,0.3377,1.0,13.245,1479.87,1570.36
304,2025-26,2026-01-10 14:00:00+00:00,GW 17,17,TPS,Kärpät,2.0,3.0,False,False,1454.79,1429.44,0.5364,0.0,-10.728,1444.06,1440.16
299,2025-26,2026-01-10 15:00:00+00:00,GW 17,17,Ilves,HIFK,6.0,0.0,False,False,1570.36,1479.87,0.6274,1.0,13.929,1584.29,1465.94
300,2025-26,2026-01-10 15:00:00+00:00,GW 17,17,JYP,KalPa,2.0,5.0,False,False,1564.62,1508.88,0.5795,0.0,-15.671,1548.95,1524.55
301,2025-26,2026-01-10 15:00:00+00:00,GW 17,17,K-Espoo,SaiPa,3.0,4.0,False,False,1434.44,1562.06,0.3242,0.0,-6.483,1427.95,1568.55
302,2025-26,2026-01-10 15:00:00+00:00,GW 17,17,Pelicans,HPK,1.0,4.0,False,False,1463.24,1419.49,0.5626,0.0,-15.295,1447.94,1434.79
303,2025-26,2026-01-10 15:00:00+00:00,GW 17,17,Sport,Jukurit,1.0,3.0,False,False,1361.64,1445.19,0.382,0.0,-8.087,1353.56,1453.27
305,2025-26,2026-01-10 15:00:00+00:00,GW 17,17,Ässät,Tappara,1.0,5.0,False,False,1506.85,1610.1,0.3556,0.0,-10.934,1495.91,1621.03
53489,2025-26,2026-01-13 16:30:00+00:00,GW 18,18,Lukko,Pelicans,4.0,3.0,False,False,1588.68,1447.94,0.6921,1.0,6.157,1594.84,1441.78
306,2025-26,2026-01-14 16:30:00+00:00,GW 18,18,HIFK,KooKoo,1.0,6.0,False,False,1465.94,1600.35,0.3157,0.0,-10.661,1455.28,1611.01
307,2025-26,2026-01-14 16:30:00+00:00,GW 18,18,Ilves,JYP,3.0,4.0,False,True,1584.29,1548.95,0.5507,0.25,-6.014,1578.28,1554.97
308,2025-26,2026-01-14 16:30:00+00:00,GW 18,18,K-Espoo,KalPa,1.0,2.0,False,False,1427.95,1524.55,0.3645,0.0,-7.289,1420.66,1531.84
309,2025-26,2026-01-14 16:30:00+00:00,GW 18,18,Kärpät,SaiPa,1.0,2.0,False,False,1440.16,1568.55,0.3232,0.0,-6.464,1433.7,1575.01
310,2025-26,2026-01-16 16:30:00+00:00,GW 18,18,HPK,TPS,3.0,1.0,False,False,1434.79,1444.06,0.4867,1.0,11.232,1446.02,1432.83
311,2025-26,2026-01-16 16:30:00+00:00,GW 18,18,Jukurit,SaiPa,3.0,4.0,False,False,1453.27,1575.01,0.3316,0.0,-6.633,1446.64,1581.64
312,2025-26,2026-01-16 16:30:00+00:00,GW 18,18,JYP,Sport,3.0,1.0,False,False,1554.97,1353.56,0.7612,1.0,4.806,1559.77,1348.75
313,2025-26,2026-01-16 16:30:00+00:00,GW 18,18,K-Espoo,KooKoo,4.0,2.0,False,False,1420.66,1611.01,0.2505,1.0,15.156,1435.82,1595.86
314,2025-26,2026-01-16 16:30:00+00:00,GW 18,18,Pelicans,KalPa,1.0,3.0,False,False,1441.78,1531.84,0.3732,0.0,-7.878,1433.91,1539.72
315,2025-26,2026-01-16 16:30:00+00:00,GW 18,18,Tappara,HIFK,4.0,5.0,False,False,1621.03,1455.28,0.722,0.0,-14.439,1606.59,1469.72
316,2025-26,2026-01-16 17:30:00+00:00,GW 18,18,Ässät,Ilves,2.0,1.0,False,False,1495.91,1578.28,0.3836,1.0,12.327,1508.24,1565.95
317,2025-26,2026-01-16 17:30:00+00:00,GW 18,18,Kärpät,Lukko,5.0,4.0,False,False,1433.7,1594.84,0.2834,1.0,14.332,1448.03,1580.51
318,2025-26,2026-01-17 14:00:00+00:00,GW 18,18,SaiPa,Jukurit,5.0,2.0,False,False,1581.64,1446.64,0.6851,1.0,8.227,1589.87,1438.41
319,2025-26,2026-01-17 15:00:00+00:00,GW 18,18,Ilves,Ässät,5.0,1.0,False,False,1565.95,1508.24,0.5823,1.0,13.102,1579.05,1495.14
320,2025-26,2026-01-17 15:00:00+00:00,GW 18,18,KooKoo,Pelicans,1.0,2.0,False,False,1595.86,1433.91,0.7175,0.0,-14.351,1581.5,1448.26
321,2025-26,2026-01-17 15:00:00+00:00,GW 18,18,Sport,Lukko,6.0,1.0,False,False,1348.75,1580.51,0.2085,1.0,25.661,1374.41,1554.85
322,2025-26,2026-01-17 15:00:00+00:00,GW 18,18,TPS,Tappara,4.0,2.0,False,False,1432.83,1606.59,0.2689,1.0,14.888,1447.72,1591.71
323,2025-26,2026-01-17 16:30:00+00:00,GW 18,18,HIFK,K-Espoo,2.0,3.0,False,False,1469.72,1435.82,0.5486,0.0,-10.973,1458.74,1446.79
324,2025-26,2026-01-21 16:30:00+00:00,GW 19,19,HIFK,Sport,4.0,3.0,False,False,1458.74,1374.41,0.619,1.0,7.619,1466.36,1366.79
325,2025-26,2026-01-21 16:30:00+00:00,GW 19,19,K-Espoo,HPK,2.0,3.0,False,False,1446.79,1446.02,0.5011,0.0,-10.022,1436.77,1456.04
326,2025-26,2026-01-21 16:30:00+00:00,GW 19,19,SaiPa,JYP,2.0,3.0,False,False,1589.87,1559.77,0.5432,0.0,-10.864,1579.01,1570.64
327,2025-26,2026-01-22 16:30:00+00:00,GW 19,19,Jukurit,Sport,6.0,2.0,False,False,1438.41,1366.79,0.6016,1.0,12.419,1450.83,1354.37
328,2025-26,2026-01-22 16:30:00+00:00,GW 19,19,KalPa,HPK,3.0,1.0,False,False,1539.72,1456.04,0.6181,1.0,8.083,1547.8,1447.96
329,2025-26,2026-01-23 16:30:00+00:00,GW 19,19,Ilves,Tappara,2.0,6.0,False,False,1579.05,1591.71,0.4818,0.0,-15.42,1563.63,1607.13
330,2025-26,2026-01-23 16:30:00+00:00,GW 19,19,K-Espoo,Kärpät,1.0,2.0,False,False,1436.77,1448.03,0.4838,0.0,-9.676,1427.09,1457.71
331,2025-26,2026-01-23 16:30:00+00:00,GW 19,19,Ässät,Lukko,2.0,1.0,False,False,1495.14,1554.85,0.4149,1.0,11.702,1506.84,1543.14
332,2025-26,2026-01-23 17:30:00+00:00,GW 19,19,TPS,Pelicans,3.0,4.0,False,False,1447.72,1448.26,0.4992,0.0,-9.985,1437.73,1458.24
333,2025-26,2026-01-24 15:00:00+00:00,GW 19,19,HPK,HIFK,0.0,4.0,False,False,1447.96,1466.36,0.4735,0.0,-15.116,1432.84,1481.48
334,2025-26,2026-01-24 15:00:00+00:00,GW 19,19,Jukurit,Ilves,2.0,3.0,False,False,1450.83,1563.63,0.3431,0.0,-6.863,1443.97,1570.5
335,2025-26,2026-01-24 15:00:00+00:00,GW 19,19,KalPa,JYP,1.0,0.0,False,True,1547.8,1570.64,0.4672,0.75,5.656,1553.46,1564.98
336,2025-26,2026-01-24 15:00:00+00:00,GW 19,19,KooKoo,K-Espoo,5.0,1.0,False,False,1581.5,1427.09,0.7087,1.0,8.763,1590.27,1418.33
337,2025-26,2026-01-24 15:00:00+00:00,GW 19,19,SaiPa,Kärpät,7.0,4.0,False,False,1579.01,1457.71,0.6678,1.0,8.729,1587.73,1448.98
338,2025-26,2026-01-24 15:00:00+00:00,GW 19,19,Sport,Pelicans,2.0,3.0,False,False,1354.37,1458.24,0.3548,0.0,-7.096,1347.28,1465.34
339,2025-26,2026-01-24 15:00:00+00:00,GW 19,19,Tappara,TPS,4.0,3.0,False,False,1607.13,1437.73,0.7261,1.0,5.477,1612.6,1432.26
340,2025-26,2026-01-24 15:00:00+00:00,GW 19,19,Lukko,Ässät,3.0,5.0,False,False,1543.14,1506.84,0.5521,0.0,-11.933,1531.21,1518.77
341,2025-26,2026-01-27 16:30:00+00:00,GW 20,20,Ilves,Sport,5.0,2.0,False,False,1570.5,1347.28,0.7833,1.0,5.455,1575.95,1341.82
342,2025-26,2026-01-27 16:30:00+00:00,GW 20,20,Jukurit,Tappara,2.0,3.0,False,False,1443.97,1612.6,0.2747,0.0,-5.495,1438.48,1618.1
343,2025-26,2026-01-27 16:30:00+00:00,GW 20,20,JYP,Lukko,4.0,3.0,False,False,1564.98,1531.21,0.5484,1.0,9.031,1574.01,1522.18
344,2025-26,2026-01-27 16:30:00+00:00,GW 20,20,TPS,KalPa,3.0,2.0,False,False,1432.26,1553.46,0.3323,1.0,13.354,1445.61,1540.11
345,2025-26,2026-01-28 16:30:00+00:00,GW 20,20,Kärpät,Pelicans,2.0,3.0,False,False,1448.98,1465.34,0.4765,0.0,-9.529,1439.45,1474.87
346,2025-26,2026-01-28 16:30:00+00:00,GW 20,20,Ässät,KooKoo,2.0,5.0,False,False,1518.77,1590.27,0.3985,0.0,-10.702,1508.07,1600.97
347,2025-26,2026-01-30 16:30:00+00:00,GW 20,20,JYP,TPS,2.0,1.0,False,False,1574.01,1445.61,0.6768,1.0,6.464,1580.48,1439.15
348,2025-26,2026-01-30 16:30:00+00:00,GW 20,20,KalPa,Ässät,2.0,3.0,False,False,1540.11,1508.07,0.546,0.0,-10.919,1529.19,1518.99
349,2025-26,2026-01-30 16:30:00+00:00,GW 20,20,Tappara,SaiPa,6.0,1.0,False,False,1618.1,1587.73,0.5436,1.0,16.133,1634.23,1571.6
350,2025-26,2026-01-30 17:30:00+00:00,GW 20,20,Lukko,HIFK,6.0,2.0,False,False,1522.18,1481.48,0.5583,1.0,13.959,1536.14,1467.52
351,2025-26,2026-01-31 13:00:00+00:00,GW 20,20,HIFK,Tappara,6.0,5.0,False,True,1467.52,1634.23,0.2769,0.75,9.461,1476.98,1624.77
352,2025-26,2026-01-31 15:00:00+00:00,GW 20,20,HPK,Lukko,0.0,1.0,False,False,1432.84,1536.14,0.3556,0.0,-7.112,1425.73,1543.25
353,2025-26,2026-01-31 15:00:00+00:00,GW 20,20,Ilves,KalPa,3.0,1.0,False,False,1575.95,1529.19,0.5669,1.0,9.318,1585.27,1519.87
354,2025-26,2026-01-31 15:00:00+00:00,GW 20,20,KooKoo,TPS,5.0,1.0,False,False,1600.97,1439.15,0.7174,1.0,8.474,1609.44,1430.67
355,2025-26,2026-01-31 15:00:00+00:00,GW 20,20,Kärpät,Ässät,0.0,4.0,False,False,1439.45,1518.99,0.3875,0.0,-12.038,1427.41,1531.03
357,2025-26,2026-01-31 15:00:00+00:00,GW 20,20,SaiPa,K-Espoo,2.0,3.0,False,True,1571.6,1418.33,0.7073,0.25,-9.146,1562.46,1427.48
358,2025-26,2026-01-31 15:00:00+00:00,GW 20,20,Sport,JYP,1.0,4.0,False,False,1341.82,1580.48,0.202,0.0,-5.053,1336.77,1585.53
356,2025-26,2026-01-31 16:30:00+00:00,GW 20,20,Pelicans,Jukurit,2.0,1.0,False,False,1474.87,1438.48,0.5522,1.0,8.956,1483.82,1429.52
359,2025-26,2026-02-03 16:30:00+00:00,GW 21,21,Ilves,Pelicans,3.0,0.0,False,False,1585.27,1483.82,0.642,1.0,9.489,1594.76,1474.33
360,2025-26,2026-02-03 16:30:00+00:00,GW 21,21,Jukurit,HIFK,1.0,2.0,False,False,1429.52,1476.98,0.4321,0.0,-8.642,1420.88,1485.62
361,2025-26,2026-02-03 16:30:00+00:00,GW 21,21,KalPa,TPS,7.0,3.0,False,False,1519.87,1430.67,0.6256,1.0,11.581,1531.45,1419.09
362,2025-26,2026-02-03 16:30:00+00:00,GW 21,21,Lukko,JYP,5.0,2.0,False,False,1543.25,1585.53,0.4395,1.0,15.249,1558.5,1570.28
363,2025-26,2026-02-04 16:30:00+00:00,GW 21,21,KooKoo,Ässät,3.0,1.0,False,False,1609.44,1531.03,0.611,1.0,8.254,1617.7,1522.77
364,2025-26,2026-02-04 16:30:00+00:00,GW 21,21,Tappara,Kärpät,1.0,4.0,False,False,1624.77,1427.41,0.757,0.0,-19.26,1605.51,1446.67
365,2025-26,2026-02-05 16:30:00+00:00,GW 21,21,JYP,HPK,4.0,5.0,False,True,1570.28,1425.73,0.6968,0.25,-8.936,1561.34,1434.67
366,2025-26,2026-02-06 16:30:00+00:00,GW 21,21,HIFK,Kärpät,3.0,2.0,False,False,1485.62,1446.67,0.5558,1.0,8.884,1494.51,1437.79
367,2025-26,2026-02-06 16:30:00+00:00,GW 21,21,Jukurit,KalPa,0.0,2.0,False,False,1420.88,1531.45,0.346,0.0,-7.239,1413.64,1538.69
368,2025-26,2026-02-06 16:30:00+00:00,GW 21,21,Lukko,TPS,3.0,2.0,False,False,1558.5,1419.09,0.6905,1.0,6.19,1564.69,1412.9
370,2025-26,2026-02-06 16:30:00+00:00,GW 21,21,Ässät,Pelicans,6.0,5.0,False,False,1522.77,1474.33,0.5693,1.0,8.615,1531.39,1465.72
371,2025-26,2026-02-06 17:30:00+00:00,GW 21,21,Ilves,KooKoo,1.0,3.0,False,False,1594.76,1617.7,0.467,0.0,-10.156,1584.6,1627.85
372,2025-26,2026-02-07 15:00:00+00:00,GW 21,21,HPK,Ässät,3.0,1.0,False,False,1434.67,1531.39,0.3643,1.0,13.38,1448.05,1518.01
373,2025-26,2026-02-07 15:00:00+00:00,GW 21,21,JYP,HIFK,2.0,0.0,False,False,1561.34,1494.51,0.595,1.0,8.636,1569.98,1485.87
374,2025-26,2026-02-07 15:00:00+00:00,GW 21,21,KalPa,Jukurit,2.0,0.0,False,False,1538.69,1413.64,0.6726,1.0,6.807,1545.5,1406.83
375,2025-26,2026-02-07 15:00:00+00:00,GW 21,21,KooKoo,Lukko,1.0,3.0,False,False,1627.85,1564.69,0.5899,0.0,-12.6,1615.25,1577.29
376,2025-26,2026-02-07 15:00:00+00:00,GW 21,21,Kärpät,Ilves,1.0,2.0,False,False,1437.79,1584.6,0.3005,0.0,-6.009,1431.78,1590.61
377,2025-26,2026-02-07 15:00:00+00:00,GW 21,21,Pelicans,TPS,2.0,0.0,False,False,1465.72,1412.9,0.5754,1.0,9.11,1474.83,1403.79
378,2025-26,2026-02-07 15:00:00+00:00,GW 21,21,Sport,SaiPa,2.0,3.0,False,False,1336.77,1562.46,0.2143,0.0,-4.286,1332.48,1566.74
379,2025-26,2026-02-07 15:00:00+00:00,GW 21,21,Tappara,K-Espoo,3.0,4.0,False,False,1605.51,1427.48,0.7359,0.0,-14.718,1590.79,1442.2
369,2025-26,2026-02-08 13:00:00+00:00,GW 21,21,Sport,SaiPa,0.0,4.0,False,False,1332.48,1566.74,0.2061,0.0,-5.996,1326.49,1572.74
174,2025-26,2026-02-10 16:30:00+00:00,GW 22,22,KalPa,Pelicans,5.0,3.0,False,False,1545.5,1474.83,0.6003,1.0,8.509,1554.0,1466.32
380,2025-26,2026-02-10 16:30:00+00:00,GW 22,22,KooKoo,Sport,4.0,1.0,False,False,1615.25,1326.49,0.8405,1.0,3.908,1619.16,1322.58
381,2025-26,2026-02-10 16:30:00+00:00,GW 22,22,TPS,HPK,3.0,1.0,False,False,1403.79,1448.05,0.4367,1.0,12.134,1415.93,1435.91
382,2025-26,2026-02-11 16:30:00+00:00,GW 22,22,K-Espoo,Jukurit,1.0,0.0,False,False,1442.2,1406.83,0.5507,1.0,8.986,1451.18,1397.84
383,2025-26,2026-02-11 16:30:00+00:00,GW 22,22,SaiPa,Ässät,4.0,0.0,False,False,1572.74,1518.01,0.5781,1.0,13.25,1585.99,1504.76
384,2025-26,2026-02-13 16:30:00+00:00,GW 22,22,HIFK,Lukko,0.0,4.0,False,False,1485.87,1577.29,0.3714,0.0,-11.478,1474.39,1588.77
385,2025-26,2026-02-13 16:30:00+00:00,GW 22,22,Jukurit,K-Espoo,3.0,2.0,False,True,1397.84,1451.18,0.4238,0.75,6.523,1404.37,1444.66
386,2025-26,2026-02-13 16:30:00+00:00,GW 22,22,KooKoo,HPK,7.0,3.0,False,False,1619.16,1435.91,0.7417,1.0,7.675,1626.84,1428.24
387,2025-26,2026-02-13 16:30:00+00:00,GW 22,22,Pelicans,JYP,9.0,2.0,False,False,1466.32,1569.98,0.3551,1.0,25.614,1491.94,1544.37
388,2025-26,2026-02-13 16:30:00+00:00,GW 22,22,Tappara,Ilves,4.0,1.0,False,False,1590.79,1590.61,0.5003,1.0,13.855,1604.65,1576.76
389,2025-26,2026-02-13 16:30:00+00:00,GW 22,22,TPS,Sport,3.0,1.0,False,False,1415.93,1322.58,0.6312,1.0,7.774,1423.7,1314.81
390,2025-26,2026-02-13 17:30:00+00:00,GW 22,22,Kärpät,KalPa,2.0,5.0,False,False,1431.78,1554.0,0.331,0.0,-8.695,1423.08,1562.7
392,2025-26,2026-02-14 13:00:00+00:00,GW 22,22,Ilves,Jukurit,6.0,2.0,False,False,1576.76,1404.37,0.7296,1.0,8.073,1584.83,1396.29
397,2025-26,2026-02-14 13:00:00+00:00,GW 22,22,Sport,TPS,1.0,4.0,False,False,1314.81,1423.7,0.3482,0.0,-9.2,1305.61,1432.9
391,2025-26,2026-02-14 14:00:00+00:00,GW 22,22,HPK,KooKoo,2.0,4.0,False,False,1428.24,1626.84,0.2417,0.0,-4.872,1423.37,1631.71
393,2025-26,2026-02-14 15:00:00+00:00,GW 22,22,JYP,Pelicans,3.0,2.0,False,False,1544.37,1491.94,0.5749,1.0,8.502,1552.87,1483.43
394,2025-26,2026-02-14 15:00:00+00:00,GW 22,22,K-Espoo,Ässät,4.0,1.0,False,False,1444.66,1504.76,0.4144,1.0,15.806,1460.46,1488.95
395,2025-26,2026-02-14 15:00:00+00:00,GW 22,22,Kärpät,KalPa,3.0,1.0,False,False,1423.08,1562.7,0.3092,1.0,14.272,1437.36,1548.43
396,2025-26,2026-02-14 15:00:00+00:00,GW 22,22,SaiPa,HIFK,5.0,3.0,False,False,1585.99,1474.39,0.6553,1.0,7.208,1593.2,1467.19
398,2025-26,2026-02-14 16:30:00+00:00,GW 22,22,Lukko,Tappara,1.0,4.0,False,False,1588.77,1604.65,0.4772,0.0,-13.135,1575.63,1617.78
399,2025-26,2026-02-15 13:00:00+00:00,GW 22,22,Ässät,SaiPa,3.0,4.0,False,False,1488.95,1593.2,0.3543,0.0,-7.087,1481.87,1600.28
400,2025-26,2026-02-17 16:30:00+00:00,GW 23,23,Ilves,Lukko,3.0,2.0,False,False,1584.83,1575.63,0.5132,1.0,9.735,1594.56,1565.9
401,2025-26,2026-02-17 16:30:00+00:00,GW 23,23,Pelicans,Kärpät,0.0,5.0,False,False,1483.43,1437.36,0.5659,0.0,-19.864,1463.57,1457.22
402,2025-26,2026-02-17 16:30:00+00:00,GW 23,23,Sport,HPK,0.0,4.0,False,False,1305.61,1423.37,0.3367,0.0,-10.288,1295.32,1433.66
406,2025-26,2026-02-18 15:00:00+00:00,GW 23,23,Ässät,Jukurit,5.0,3.0,False,False,1481.87,1396.29,0.6207,1.0,8.022,1489.89,1388.27
403,2025-26,2026-02-18 16:30:00+00:00,GW 23,23,K-Espoo,Lukko,2.0,3.0,False,False,1460.46,1565.9,0.3528,0.0,-7.055,1453.41,1572.95
404,2025-26,2026-02-18 16:30:00+00:00,GW 23,23,KooKoo,Kärpät,4.0,3.0,False,False,1631.71,1457.22,0.7319,1.0,5.361,1637.07,1451.86
405,2025-26,2026-02-18 16:30:00+00:00,GW 23,23,Tappara,JYP,4.0,1.0,False,False,1617.78,1552.87,0.5923,1.0,10.979,1628.76,1541.89
407,2025-26,2026-02-19 16:30:00+00:00,GW 23,23,HPK,KalPa,2.0,1.0,False,True,1433.66,1548.43,0.3406,0.75,8.188,1441.84,1540.24
408,2025-26,2026-02-20 16:30:00+00:00,GW 23,23,Jukurit,Kärpät,5.0,4.0,False,False,1388.27,1451.86,0.4095,1.0,11.81,1400.08,1440.05
410,2025-26,2026-02-20 16:30:00+00:00,GW 23,23,Pelicans,Tappara,4.0,3.0,False,False,1463.57,1628.76,0.2787,1.0,14.426,1477.99,1614.33
414,2025-26,2026-02-21 14:00:00+00:00,GW 23,23,K-Espoo,HIFK,4.0,0.0,False,False,1453.41,1467.19,0.4802,1.0,16.628,1470.04,1450.56
409,2025-26,2026-02-21 15:00:00+00:00,GW 23,23,KalPa,Ilves,3.0,4.0,False,False,1540.24,1594.56,0.4225,0.0,-8.449,1531.79,1603.01
411,2025-26,2026-02-21 15:00:00+00:00,GW 23,23,SaiPa,KooKoo,6.0,2.0,False,False,1600.28,1637.07,0.4473,1.0,17.499,1617.78,1619.57
412,2025-26,2026-02-21 15:00:00+00:00,GW 23,23,TPS,JYP,3.0,8.0,False,False,1432.9,1541.89,0.3481,0.0,-11.885,1421.01,1553.78
413,2025-26,2026-02-21 15:00:00+00:00,GW 23,23,Ässät,Sport,4.0,1.0,False,False,1489.89,1295.32,0.754,1.0,6.266,1496.16,1289.05
415,2025-26,2026-02-24 16:30:00+00:00,GW 24,24,KalPa,K-Espoo,3.0,2.0,False,False,1531.79,1470.04,0.5879,1.0,8.241,1540.03,1461.79
416,2025-26,2026-02-25 16:30:00+00:00,GW 24,24,JYP,K-Espoo,2.0,0.0,False,False,1553.78,1461.79,0.6294,1.0,7.817,1561.59,1453.98
417,2025-26,2026-02-25 16:30:00+00:00,GW 24,24,Lukko,Jukurit,2.0,1.0,False,False,1572.95,1400.08,0.7301,1.0,5.398,1578.35,1394.68
418,2025-26,2026-02-25 16:30:00+00:00,GW 24,24,Pelicans,Ilves,2.0,1.0,False,False,1477.99,1603.01,0.3275,1.0,13.451,1491.45,1589.56
419,2025-26,2026-02-25 16:30:00+00:00,GW 24,24,Sport,KooKoo,3.0,4.0,False,False,1289.05,1619.57,0.1298,0.0,-2.596,1286.46,1622.17
420,2025-26,2026-02-25 16:30:00+00:00,GW 24,24,TPS,SaiPa,1.0,3.0,False,False,1421.01,1617.78,0.2437,0.0,-4.914,1416.1,1622.7
421,2025-26,2026-02-27 16:30:00+00:00,GW 24,24,HIFK,Jukurit,2.0,3.0,False,False,1450.56,1394.68,0.5797,0.0,-11.594,1438.96,1406.28
422,2025-26,2026-02-27 16:30:00+00:00,GW 24,24,HPK,SaiPa,1.0,5.0,False,False,1441.84,1622.7,0.2609,0.0,-7.761,1434.08,1630.46
423,2025-26,2026-02-27 16:30:00+00:00,GW 24,24,JYP,KooKoo,2.0,3.0,False,False,1561.59,1622.17,0.4137,0.0,-8.274,1553.32,1630.44
424,2025-26,2026-02-27 16:30:00+00:00,GW 24,24,Pelicans,Sport,3.0,2.0,False,True,1491.45,1286.46,0.765,0.75,-0.299,1491.15,1286.75
425,2025-26,2026-02-27 17:30:00+00:00,GW 24,24,KalPa,Tappara,1.0,10.0,False,False,1540.03,1614.33,0.3947,0.0,-17.581,1522.45,1631.92
426,2025-26,2026-02-28 15:00:00+00:00,GW 24,24,Jukurit,JYP,2.0,3.0,False,True,1406.28,1553.32,0.3002,0.25,-1.004,1405.28,1554.32
427,2025-26,2026-02-28 15:00:00+00:00,GW 24,24,KooKoo,Ilves,5.0,1.0,False,False,1630.44,1589.56,0.5586,1.0,13.95,1644.39,1575.61
428,2025-26,2026-02-28 15:00:00+00:00,GW 24,24,Lukko,Pelicans,2.0,5.0,False,False,1578.35,1491.15,0.6229,0.0,-16.613,1561.74,1507.76
429,2025-26,2026-02-28 15:00:00+00:00,GW 24,24,SaiPa,HPK,0.0,3.0,False,False,1630.46,1434.08,0.7559,0.0,-19.241,1611.22,1453.32
430,2025-26,2026-02-28 15:00:00+00:00,GW 24,24,Sport,K-Espoo,1.0,5.0,False,False,1286.75,1453.98,0.2764,0.0,-8.267,1278.49,1462.25
431,2025-26,2026-02-28 15:00:00+00:00,GW 24,24,Ässät,HIFK,1.0,4.0,False,False,1496.16,1438.96,0.5816,0.0,-15.716,1480.44,1454.68
432,2025-26,2026-02-28 16:00:00+00:00,GW 24,24,Kärpät,Tappara,1.0,4.0,False,False,1440.05,1631.92,0.2489,0.0,-6.347,1433.7,1638.26
433,2025-26,2026-03-04 16:30:00+00:00,GW 25,25,HIFK,SaiPa,2.0,5.0,False,False,1454.68,1611.22,0.2888,0.0,-7.476,1447.2,1618.69
434,2025-26,2026-03-04 16:30:00+00:00,GW 25,25,K-Espoo,JYP,2.0,3.0,False,False,1462.25,1554.32,0.3705,0.0,-7.41,1454.83,1561.73
435,2025-26,2026-03-04 16:30:00+00:00,GW 25,25,Kärpät,KooKoo,4.0,3.0,False,True,1433.7,1644.39,0.2292,0.75,10.416,1444.12,1633.97
436,2025-26,2026-03-04 16:30:00+00:00,GW 25,25,Sport,KalPa,1.0,6.0,False,False,1278.49,1522.45,0.1971,0.0,-6.359,1272.13,1528.81
437,2025-26,2026-03-04 16:30:00+00:00,GW 25,25,Tappara,Jukurit,3.0,1.0,False,False,1638.26,1405.28,0.7927,1.0,4.119,1642.38,1401.16
438,2025-26,2026-03-04 16:30:00+00:00,GW 25,25,TPS,Lukko,3.0,4.0,False,True,1416.1,1561.74,0.3019,0.25,-1.038,1415.06,1562.77
439,2025-26,2026-03-05 16:30:00+00:00,GW 25,25,Ässät,KalPa,2.0,3.0,False,False,1480.44,1528.81,0.4308,0.0,-8.617,1471.82,1537.43
440,2025-26,2026-03-06 16:30:00+00:00,GW 25,25,HPK,Kärpät,3.0,2.0,False,False,1453.32,1444.12,0.5132,1.0,9.735,1463.06,1434.38
442,2025-26,2026-03-06 16:30:00+00:00,GW 25,25,JYP,Jukurit,3.0,4.0,False,True,1561.73,1401.16,0.7159,0.25,-9.319,1552.41,1410.48
443,2025-26,2026-03-06 16:30:00+00:00,GW 25,25,Lukko,KooKoo,4.0,2.0,False,False,1562.77,1633.97,0.3989,1.0,12.792,1575.57,1621.18
444,2025-26,2026-03-06 16:30:00+00:00,GW 25,25,Pelicans,HIFK,1.0,4.0,False,False,1507.76,1447.2,0.5863,0.0,-15.82,1491.94,1463.02
441,2025-26,2026-03-06 17:30:00+00:00,GW 25,25,Ilves,Tappara,4.0,3.0,False,False,1575.61,1642.38,0.4051,1.0,11.898,1587.51,1630.48
445,2025-26,2026-03-07 14:00:00+00:00,GW 25,25,HPK,Kärpät,6.0,3.0,False,False,1463.06,1434.38,0.5412,1.0,12.558,1475.62,1421.82
446,2025-26,2026-03-07 15:00:00+00:00,GW 25,25,Jukurit,Ässät,1.0,3.0,False,False,1410.48,1471.82,0.4126,0.0,-8.82,1401.65,1480.64
447,2025-26,2026-03-07 15:00:00+00:00,GW 25,25,KooKoo,HIFK,1.0,5.0,False,False,1621.18,1463.02,0.7131,0.0,-21.414,1599.77,1484.44
448,2025-26,2026-03-07 15:00:00+00:00,GW 25,25,SaiPa,Pelicans,4.0,2.0,False,False,1618.69,1491.94,0.6747,1.0,6.758,1625.45,1485.18
449,2025-26,2026-03-07 15:00:00+00:00,GW 25,25,Sport,JYP,0.0,3.0,False,False,1272.13,1552.41,0.1661,0.0,-4.085,1268.04,1556.5
450,2025-26,2026-03-07 15:00:00+00:00,GW 25,25,TPS,Ilves,1.0,4.0,False,False,1415.06,1587.51,0.2704,0.0,-6.952,1408.11,1594.46
451,2025-26,2026-03-07 16:30:00+00:00,GW 25,25,Tappara,KalPa,3.0,4.0,False,True,1630.48,1537.43,0.6308,0.25,-7.616,1622.87,1545.04
452,2025-26,2026-03-10 16:30:00+00:00,GW 26,26,Ilves,HPK,3.0,1.0,False,False,1594.46,1475.62,0.6647,1.0,6.991,1601.45,1468.63
453,2025-26,2026-03-10 16:30:00+00:00,GW 26,26,Ässät,K-Espoo,0.0,4.0,False,False,1480.64,1454.83,0.5371,0.0,-17.087,1463.56,1471.92
454,2025-26,2026-03-11 16:30:00+00:00,GW 26,26,JYP,Tappara,2.0,3.0,False,False,1556.5,1622.87,0.4056,0.0,-8.113,1548.39,1630.98
455,2025-26,2026-03-11 16:30:00+00:00,GW 26,26,KalPa,HIFK,1.0,4.0,False,False,1545.04,1484.44,0.5863,0.0,-15.821,1529.22,1500.26
456,2025-26,2026-03-11 16:30:00+00:00,GW 26,26,Lukko,K-Espoo,1.0,2.0,False,True,1575.57,1471.92,0.6449,0.25,-7.898,1567.67,1479.82
457,2025-26,2026-03-11 16:30:00+00:00,GW 26,26,Pelicans,SaiPa,4.0,1.0,False,False,1485.18,1625.45,0.3084,1.0,18.025,1503.21,1607.43
458,2025-26,2026-03-11 16:30:00+00:00,GW 26,26,TPS,Sport,3.0,0.0,False,False,1408.11,1268.04,0.6913,1.0,8.046,1416.16,1260.0
459,2025-26,2026-03-13 16:30:00+00:00,GW 26,26,JYP,Ilves,3.0,6.0,False,False,1548.39,1601.45,0.4242,0.0,-11.485,1536.9,1612.94
460,2025-26,2026-03-13 16:30:00+00:00,GW 26,26,K-Espoo,Sport,7.0,0.0,False,False,1479.82,1260.0,0.78,1.0,8.32,1488.14,1251.68
461,2025-26,2026-03-13 16:30:00+00:00,GW 26,26,KooKoo,Jukurit,5.0,1.0,False,False,1599.77,1401.65,0.7578,1.0,7.153,1606.92,1394.5
462,2025-26,2026-03-13 16:30:00+00:00,GW 26,26,Pelicans,HPK,3.0,2.0,False,True,1503.21,1468.63,0.5496,0.75,4.008,1507.22,1464.62
463,2025-26,2026-03-13 16:30:00+00:00,GW 26,26,Tappara,Lukko,6.0,2.0,False,False,1630.98,1567.67,0.5901,1.0,12.825,1643.8,1554.84
464,2025-26,2026-03-13 16:30:00+00:00,GW 26,26,Ässät,TPS,6.0,2.0,False,False,1463.56,1416.16,0.5678,1.0,13.619,1477.17,1402.54
465,2025-26,2026-03-13 17:30:00+00:00,GW 26,26,HIFK,Kärpät,3.0,1.0,False,False,1500.26,1421.82,0.611,1.0,8.253,1508.51,1413.57
466,2025-26,2026-03-14 15:00:00+00:00,GW 26,26,HPK,Pelicans,1.0,4.0,False,False,1464.62,1507.22,0.439,0.0,-11.941,1452.68,1519.16
467,2025-26,2026-03-14 15:00:00+00:00,GW 26,26,Jukurit,KooKoo,3.0,7.0,False,False,1394.5,1606.92,0.2274,0.0,-6.677,1387.83,1613.6
468,2025-26,2026-03-14 15:00:00+00:00,GW 26,26,KalPa,JYP,6.0,3.0,False,False,1529.22,1536.9,0.4889,1.0,14.12,1543.34,1522.78
469,2025-26,2026-03-14 15:00:00+00:00,GW 26,26,Kärpät,HIFK,4.0,5.0,False,False,1413.57,1508.51,0.3667,0.0,-7.333,1406.24,1515.84
470,2025-26,2026-03-14 15:00:00+00:00,GW 26,26,Lukko,Ilves,4.0,1.0,False,False,1554.84,1612.94,0.4172,1.0,15.744,1570.59,1597.19
471,2025-26,2026-03-14 15:00:00+00:00,GW 26,26,SaiPa,Tappara,6.0,4.0,False,False,1607.43,1643.8,0.4478,1.0,11.935,1619.36,1631.87
472,2025-26,2026-03-14 15:00:00+00:00,GW 26,26,TPS,Ässät,2.0,5.0,False,False,1402.54,1477.17,0.3942,0.0,-10.571,1391.97,1487.75
473,2025-26,2026-03-17 16:30:00+00:00,GW 27,27,HIFK,Pelicans,4.0,0.0,False,False,1515.84,1519.16,0.4952,1.0,16.223,1532.07,1502.93
474,2025-26,2026-03-17 16:30:00+00:00,GW 27,27,HPK,Tappara,3.0,2.0,False,False,1452.68,1631.87,0.2628,1.0,14.744,1467.42,1617.13
475,2025-26,2026-03-17 16:30:00+00:00,GW 27,27,Ilves,SaiPa,4.0,1.0,False,False,1597.19,1619.36,0.4681,1.0,14.599,1611.79,1604.76
476,2025-26,2026-03-17 16:30:00+00:00,GW 27,27,JYP,Ässät,5.0,4.0,False,False,1522.78,1487.75,0.5503,1.0,8.995,1531.78,1478.75
477,2025-26,2026-03-17 16:30:00+00:00,GW 27,27,K-Espoo,Jukurit,3.0,0.0,False,False,1488.14,1387.83,0.6405,1.0,9.533,1497.67,1378.29
478,2025-26,2026-03-17 16:30:00+00:00,GW 27,27,Lukko,KalPa,6.0,5.0,False,False,1570.59,1543.34,0.5391,1.0,9.217,1579.81,1534.12
479,2025-26,2026-03-17 16:30:00+00:00,GW 27,27,Sport,Kärpät,1.0,3.0,False,False,1251.68,1406.24,0.2912,0.0,-5.978,1245.7,1412.22
480,2025-26,2026-03-17 16:30:00+00:00,GW 27,27,TPS,KooKoo,3.0,4.0,False,False,1391.97,1613.6,0.2183,0.0,-4.365,1387.6,1617.96
